﻿<?xml version="1.0" encoding="UTF-8"?>
<comentarios>
  <entrada>
    <titulo>Data on the Web</titulo>
    <precio>34.95</precio>
    <comentario>Un libro muy bueno sobre bases de datos.</comentario>
  </entrada>
  <entrada>
    <titulo>Advanced Programming in the Unix environment</titulo>
    <precio>65.95</precio>
    <comentario>Un libro claro y detallado de programación en UNIX.</comentario>
  </entrada>
  <entrada>
    <titulo>TCP/IP Illustrated, Vol. 1: The Protocols (2nd Edition)</titulo>
    <precio>65.95</precio>
    <comentario>
      Uno de los mejores libros de TCP/IP
    </comentario>
  </entrada>
  <entrada>
    <titulo>TCP/IP Illustrated, Vol. 2: The Implementation</titulo>
    <precio>34.74</precio>
    <comentario>
      Comprehensive in scope, based on a working standard, and thoroughly illustrated, this book is an indispensable resource for anyone working with TCP/IP.
    </comentario>
  </entrada>
  <entrada>
    <titulo>RESTful Web Services</titulo>
    <precio>30.99</precio>
    <comentario>
      You’ll explore the concepts behind REST, learn different strategies for creating hypermedia-based APIs, and then put everything together with a step-by-step guide to designing a RESTful Web API.
    </comentario>
  </entrada>
</comentarios>