﻿<?xml version="1.0" encoding="UTF-8"?> 
<bib>
    <libro año="1994">
        <titulo>TCP/IP Illustrated</titulo>
        <autor>
            <apellido>Stevens</apellido>
            <nombre>W.</nombre>
        </autor>
        <editorial>Addison-Wesley</editorial>
        <precio> 65.95</precio>
    </libro>
    <libro año="1992">
        <titulo>Advan Programming for Unix environment</titulo>
        <autor>
            <apellido>Stevens</apellido>
            <nombre>W.</nombre>
        </autor>
        <editorial>Addison-Wesley</editorial>
        <precio>65.95</precio>
    </libro>
    <libro año="2000">
        <titulo>Millenium</titulo>
        <autor>
   	<apellido>Falk</apellido>
   	<nombre>Lombardo</nombre>
        </autor>
        <editorial>Morgan Kaufmann editorials</editorial>
        <precio>19.50</precio>
    </libro>
    <libro año="2000">
        <titulo>Data on the Web</titulo>
        <autor>
        	<apellido>Abiteboul</apellido>
     	    <nombre>Serge</nombre>
        </autor>
        <autor>
      	    <apellido>Buneman</apellido>
      	    <nombre>Peter</nombre>
        </autor>
        <autor>
      	    <apellido>Suciu</apellido>
      	    <nombre>Dan</nombre>
        </autor>
        <editorial>Morgan Kaufmann editorials</editorial>
        <precio>39.95</precio>
    </libro>
    <libro año="1999">
        <titulo> Economics of Technology for Digital TV</titulo>
        <editor>
          <apellido>Gerbarg</apellido>
          <nombre>Darcy</nombre>
          <afiliacion>CITI</afiliacion>
        </editor>
        <editorial>Kluwer Academic editorials</editorial>
        <precio>129.95</precio>
    </libro>
</bib>