[
  {
    "nom": "Anna",
    "nota": 8.5
  },
  {
    "nom": "Bernat",
    "nota": 7.2
  },
  {
    "nom": "Edim",
    "nota": 9.5
  },
  {
    "nom": "Marco",
    "nota": 9.9
  },
  {
    "nom": "Maria",
    "nota": 7.5
  },
  {
    "nom": "Pau",
    "nota": 4.3
  },
  {
    "nom": "Laia",
    "nota": 8.2
  },
  {
    "nom": "Jordi",
    "nota": 5.0
  },
  {
    "nom": "Clara",
    "nota": 3.8
  },
  {
    "nom": "Marc",
    "nota": 6.9
  },
  {
    "nom": "Núria",
    "nota": 9.1
  },
  {
    "nom": "Maria",
    "nota": 7.5
  },
  {
    "nom": "Pau",
    "nota": 4.3
  },
  {
    "nom": "Laia",
    "nota": 8.2
  },
  {
    "nom": "Jordi",
    "nota": 5.0
  },
  {
    "nom": "Clara",
    "nota": 3.8
  },
  {
    "nom": "Marc",
    "nota": 6.9
  },
  {
    "nom": "Núria",
    "nota": 9.1
  },
  {
    "nom": "Maria",
    "nota": 7.5
  },
  {
    "nom": "Pau",
    "nota": 4.3
  },
  {
    "nom": "Laia",
    "nota": 8.2
  },
  {
    "nom": "Jordi",
    "nota": 5.0
  },
  {
    "nom": "Clara",
    "nota": 3.8
  },
  {
    "nom": "Marc",
    "nota": 6.9
  },
  {
    "nom": "Núria",
    "nota": 9.1
  }
]